ActivityDate,Distance_traveled_Per_Day
4/12/16,5.98
4/13/16,5.1
4/14/16,5.6
4/15/16,5.29
4/16/16,6.29
4/17/16,4.54
4/18/16,5.66
4/19/16,5.87
4/20/16,5.95
4/21/16,6.03
4/22/16,5.33
4/23/16,5.84
4/24/16,5.47
4/25/16,5.63
4/26/16,5.53
4/27/16,5.92
4/28/16,5.36
4/29/16,5.18
4/30/16,6.1
5/1/16,4.97
5/2/16,4.97
5/3/16,6.09
5/4/16,4.94
5/5/16,6.22
5/6/16,5.46
5/7/16,5.12
5/8/16,5.14
5/9/16,5.96
5/10/16,5.67
5/11/16,5.49
5/12/16,2.44