ActivityDate,Calories_Per_day
4/12/16,2391
4/13/16,2287
4/14/16,2356
4/15/16,2355
4/16/16,2393
4/17/16,2231
4/18/16,2333
4/19/16,2359
4/20/16,2395
4/21/16,2422
4/22/16,2328
4/23/16,2397
4/24/16,2291
4/25/16,2350
4/26/16,2331
4/27/16,2329
4/28/16,2316
4/29/16,2273
4/30/16,2374
5/1/16,2230
5/2/16,2275
5/3/16,2454
5/4/16,2283
5/5/16,2415
5/6/16,2375
5/7/16,2246
5/8/16,2303
5/9/16,2336
5/10/16,2229
5/11/16,2190
5/12/16,1139